{
  "id": "aniyet",
  "name": "AniYet",
  "active": false,
  "adult": false,
  "language": ["lat"],
  "thumbnail": "https://aniyet.com/wp-content/uploads/2019/09/aniyet.png",
  "banner": "",
  "categories": [
    "tvshow",
    "vos"
  ],
  "settings": [
    {
      "id": "include_in_global_search",
      "type": "bool",
      "label": "Incluir en busqueda global",
      "default": false,
      "enabled": false,
      "visible": false
    },
    {
      "id": "filter_languages",
      "type": "list",
      "label": "Mostrar enlaces en idioma...",
      "default": 0,
      "enabled": true,
      "visible": true,
      "lvalues": [
        "No filtrar"
      ]
    },
    {
      "id": "full_title",
      "type": "bool",
      "label": "Mostrar titulo detallado (num temporadas, episodios)",
      "default": false,
      "enabled": true,
      "visible": true
    }
  ]
}