{
  "id": "maspeliculas",
  "name": "MasPeliculas",
  "thumbnail":"https://i.postimg.cc/CKMbGDqs/maspeliculas.png",
  "banner":"",
  "active": false,
  "adult": false,
  "language": ["cast", "lat"],
  "version": 1,
  "categories": [
    "movie",
    "vos"
  ],
  "settings": [
    {
      "id": "filter_languages",
      "type": "list",
      "label": "Mostrar enlaces en idioma...",
      "default": 0,
      "enabled": true,
      "visible": true,
      "lvalues": [
        "No filtrar",
        "CAST",
        "LAT",
        "VOSE"
      ]
    },
    {
      "id": "include_in_global_search",
      "type": "bool",
      "label": "Incluir en busqueda global",
      "default": false,
      "enabled": true,
      "visible": true
    }
  ]

}
