{
  "id": "peliserieslive",
  "name": "Peliserieslive",
  "force_unify": true,
  "active": true,
  "adult": false,
  "language": ["lat", "cast", "vose"],
  "thumbnail": "https://peliseries.live/img/logopelis.png",
  "banner": "",
  "categories": [
    "movie",
    "tvshow",
    "anime",
    "vos"
  ],
  "settings": [
    {
      "id": "filter_languages",
      "type": "list",
      "label": "Mostrar enlaces en idioma...",
      "default": 0,
      "enabled": true,
      "visible": true,
      "lvalues": [
        "No filtrar",
        "CAST",
        "LAT",
        "VOSE"
      ]
    }
  ]
}
