<?xml version="1.0" encoding="UTF-8" standalone="yes"?>
<addon id="plugin.program.jungle-team" name="[COLOR aqua]wizard chopo[/COLOR] kodi matrix" version="03" provider-name="Slam">
    <requires>
        <import addon="xbmc.python" version="3.0.0" />
        <import addon="script.module.requests" />
        <import addon="script.module.six" />
    </requires>
    
    <extension point="xbmc.python.pluginsource" library="default.py">
        <provides>executable</provides>
    </extension>
  
    <extension point="xbmc.service" library="startup.py" start="startup" />
    
    <extension point="xbmc.addon.metadata">
        <summary lang="en">[COLOR limegreen]Open[/COLOR]Wizard</summary>
        <description lang="en">[COLOR limegreen]Open[/COLOR]instalador de wizard chopo para kodi 19</description>
        <platform>all</platform>
        <reuselanguageinvoker>false</reuselanguageinvoker>
        <source></source>
        <news>

        </news>
        <assets>
            <icon>icon.png</icon>
            <fanart>fanart.png</fanart>
        </assets>
    </extension>
</addon>
